video,time,text,likes,term,clean_text,sentiment
https://www.youtube.com/watch?v=jpiKpV0jAhQ,3 years ago,Yeah we can't fight dengue and wants to be super power. Sad really sad.,,dengue,yeah we cant fight dengue and wants to be super power sad really sad,positive
https://www.youtube.com/watch?v=kzftXvi-3zc,3 years ago,fire and smoke to kill mosquitos and get rid of dengue.,,dengue,fire and smoke to kill mosquitos and get rid of dengue,negative
https://www.youtube.com/watch?v=7CmyBZs6-Bw,3 years ago,Why health professionals are not banning pesticides GMO chemicals alcohol which causes dengue why closing open drains nalaas that is a breeding grounds for mosquitoes when health professionals will. Like our health,,dengue,why health professionals are not banning pesticides gmo chemicals alcohol which causes dengue why closing open drains nalaas that is a breeding grounds for mosquitoes when health professionals will like our health,positive
https://www.youtube.com/watch?v=I-jURJRXX_M,3 years ago,Dengue fever faelne ki stithi hone par dengxia vaccine injection aur moahelne  phahelne ki stithi mein maleria vaccine injection ka production aur supply turant karein,,dengue,dengue fever faelne ki stithi hone par dengxia vaccine injection aur moahelne  phahelne ki stithi mein maleria vaccine injection ka production aur supply turant karein,neutral
https://www.youtube.com/watch?v=uu52P8w0B5o,3 years ago,Why health professionals are not banning pesticides GMO chemicals alcohol which causes dengue,,dengue,why health professionals are not banning pesticides gmo chemicals alcohol which causes dengue,neutral
https://www.youtube.com/watch?v=uu52P8w0B5o,3 years ago,Need for launch of dengue vaccine in india as soon as possible,,dengue,need for launch of dengue vaccine in india as soon as possible,neutral
https://www.youtube.com/watch?v=ShV2Bdk8YuI,5 years ago,"FDA approves Dengvaxia¬Æ for the prevention of dengue in individuals ages 9 through 16 living in U.S. endemic area


http://www.news.sanofi.us/2019-05-01-FDA-approves-Dengvaxia-R-for-the-prevention-of-dengue-in-individuals-ages-9-through-16-living-in-U-S-endemic-areas



BRIDGEWATER, N.J., May 1, 2019 /PRNewswire/ -- The U.S. Food and Drug Administration (FDA) approved Dengvaxia¬Æ (Dengue Tetravalent Vaccine, Live) for the prevention of dengue disease caused by serotypes 1 ‚Äì 4 of the virus in individuals 9 through 16 years of age living in endemic areas of the U.S. with a laboratory-documented prior infection. Dengvaxia is the first and only vaccine approved for protection against dengue in endemic areas of the U.S.",,dengue,"fda approves dengvaxia for the prevention of dengue in individuals ages 9 through 16 living in us endemic area






bridgewater nj may 1 2019 prnewswire  the us food and drug administration fda approved dengvaxia dengue tetravalent vaccine live for the prevention of dengue disease caused by serotypes 1  4 of the virus in individuals 9 through 16 years of age living in endemic areas of the us with a laboratorydocumented prior infection dengvaxia is the first and only vaccine approved for protection against dengue in endemic areas of the us",positive
https://www.youtube.com/watch?v=ShV2Bdk8YuI,5 years ago,"https://www.youtube.com/watch?v=NEaixecdeBM
How to protect yourself from Dengue fever - comments from a Child specialist doctor",,dengue,how to protect yourself from dengue fever  comments from a child specialist doctor,positive
https://www.youtube.com/watch?v=o0JLkRxQ4-o,3 years ago (edited),One of my siblings have dengue fever and me and my other sibling also might have dengue fever.. I'm also 11,,dengue,one of my siblings have dengue fever and me and my other sibling also might have dengue fever im also 11,neutral
https://www.youtube.com/watch?v=o0JLkRxQ4-o,3 years ago (edited),"Few months back US launched Genetically modified mosquitos, dengue is everywhere in country nowüòµ",,dengue,few months back us launched genetically modified mosquitos dengue is everywhere in country now,positive
https://www.youtube.com/watch?v=o0JLkRxQ4-o,3 years ago,The best medicine for dengue medicine within 2 days contact me,,dengue,the best medicine for dengue medicine within 2 days contact me,positive
https://www.youtube.com/watch?v=6zs6EzgG6kY,2 years ago,"m suffering from dengue .... weakness boht aa gyi h ..sans proper nahi aati...loose motion immediately after eating food...5-6 times motions in a day... platelet 1.10 lakh...cbr 16


Doctor please make a video on how to recover or suggest something what i do .... mentally boht preshaan ho raha hu kahi marr hi na jau jldi",,dengue,"m suffering from dengue  weakness boht aa gyi h sans proper nahi aatiloose motion immediately after eating food56 times motions in a day platelet 110 lakhcbr 16


doctor please make a video on how to recover or suggest something what i do  mentally boht preshaan ho raha hu kahi marr hi na jau jldi",negative
https://www.youtube.com/watch?v=6zs6EzgG6kY,2 years ago,sir dengue ke mosquitoes day mai. hi kat te hai kya....ye sach hai kya,,dengue,sir dengue ke mosquitoes day mai hi kat te hai kyaye sach hai kya,neutral
https://www.youtube.com/watch?v=6zs6EzgG6kY,2 years ago,Dengue treatment share kare,,dengue,dengue treatment share kare,positive
https://www.youtube.com/watch?v=6zs6EzgG6kY,2 years ago,Aap ne 25 din pahle hi bata diya tha dengue tsunami k baare  me,,dengue,aap ne 25 din pahle hi bata diya tha dengue tsunami k baare  me,neutral
https://www.youtube.com/watch?v=6zs6EzgG6kY,2 years ago,Aap bilkul sahi bataye hamesa corona me bhi aur aaj dengue k time bhi you are great,,dengue,aap bilkul sahi bataye hamesa corona me bhi aur aaj dengue k time bhi you are great,positive
https://www.youtube.com/watch?v=6zs6EzgG6kY,2 years ago,Hamare yha allahabd mai dengue k patient ko orange juice chada diye bataeye aaj kl doctor,,dengue,hamare yha allahabd mai dengue k patient ko orange juice chada diye bataeye aaj kl doctor,neutral
https://www.youtube.com/watch?v=6zs6EzgG6kY,2 years ago,Patanjali giloy advance vati regular lijiye no tension for Dengue,,dengue,patanjali giloy advance vati regular lijiye no tension for dengue,positive
https://www.youtube.com/watch?v=6zs6EzgG6kY,2 years ago,"Don't take meftal complication can Rise in dengue just take lot of electrol coconut water ,sponging can help, fluids as paracetomal only decreases by a degree,high grade fever in dengue shall remain for 3 days u can't help it. Its a very stubborn fever in First few days",,dengue,dont take meftal complication can rise in dengue just take lot of electrol coconut water sponging can help fluids as paracetomal only decreases by a degreehigh grade fever in dengue shall remain for 3 days u cant help it its a very stubborn fever in first few days,negative
https://www.youtube.com/watch?v=6zs6EzgG6kY,2 years ago,"Thank you sir for dengue fever topic
Good night sir üôèüèº",,dengue,"thank you sir for dengue fever topic
good night sir",positive
https://www.youtube.com/watch?v=6zs6EzgG6kY,2 years ago,"Sir, T cyte syrup le sakte hain Dengue mein?",,dengue,sir t cyte syrup le sakte hain dengue mein,neutral
https://www.youtube.com/watch?v=6zs6EzgG6kY,2 years ago,Sukriya sirji dengue ka achchi jakari k liye. Shubh ratri sirüôè,,dengue,sukriya sirji dengue ka achchi jakari k liye shubh ratri sir,neutral
https://www.youtube.com/watch?v=6zs6EzgG6kY,2 years ago,Thank you sir for dengue fever topic. Nice information.,,dengue,thank you sir for dengue fever topic nice information,positive
https://www.youtube.com/watch?v=6zs6EzgG6kY,2 years ago,Sir itiching bhi hoti hai kya dengue ke recovery phase mei.,,dengue,sir itiching bhi hoti hai kya dengue ke recovery phase mei,neutral
https://www.youtube.com/watch?v=m3fgCfTk0wc,3 years ago,Sir  2saal phele dengue hua tha....plate late 20k tak gayi thi....kya antibody banni hogi mere aandarüôèüôè,,dengue,sir  2saal phele dengue hua thaplate late 20k tak gayi thikya antibody banni hogi mere aandar,neutral
https://www.youtube.com/watch?v=m3fgCfTk0wc,3 years ago,"Three varient of dengue
Antibody developed only one varient",,dengue,"three varient of dengue
antibody developed only one varient",neutral
https://www.youtube.com/watch?v=m3fgCfTk0wc,3 years ago,Sir 2 baar dengue ho chuka hai ab na ho bs üòÖ,,dengue,sir 2 baar dengue ho chuka hai ab na ho bs,neutral
https://www.youtube.com/watch?v=8zXVlGCx-N4,2 years ago,"In Pakistan, dengue fever is on rise more than ever before",,dengue,in pakistan dengue fever is on rise more than ever before,neutral
https://www.youtube.com/watch?v=BVIrZIOoZU0,2 years ago,sir mujhe dengue h aur fever continue 4 days se aaraha h kabhi 102 kabhi 101 kabhi kabhi 99 bhi ho jata h mai sirf paracetamol hi liya hun aur bohat sara liquid bhi le rha hun aur dusra koi bhi symptom nhi hai jaise pet dard bhi nhi hai kamjori bhi nhi h jyada sirf pairo m drd h thoda bs fever nhi ja rha h platlates 3rd 62000 aayi h thoda sa guide kr dijiyega ya fir continue aane vale dengue fever pr ek video bana dijiyeg .. plz sir..........,,dengue,sir mujhe dengue h aur fever continue 4 days se aaraha h kabhi 102 kabhi 101 kabhi kabhi 99 bhi ho jata h mai sirf paracetamol hi liya hun aur bohat sara liquid bhi le rha hun aur dusra koi bhi symptom nhi hai jaise pet dard bhi nhi hai kamjori bhi nhi h jyada sirf pairo m drd h thoda bs fever nhi ja rha h platlates 3rd 62000 aayi h thoda sa guide kr dijiyega ya fir continue aane vale dengue fever pr ek video bana dijiyeg  plz sir,positive
https://www.youtube.com/watch?v=BVIrZIOoZU0,2 years ago,Calcutaa mai belaghata ka swasthya karmic dengue se Mara isi dengue se Mara school üè´ student dengue se mara üòë etc har hafte dengue se log mar rahe hai?,,dengue,calcutaa mai belaghata ka swasthya karmic dengue se mara isi dengue se mara school  student dengue se mara  etc har hafte dengue se log mar rahe hai,neutral
https://www.youtube.com/watch?v=BVIrZIOoZU0,2 years ago,Kya dengue fever me  Antibiotics medicine le sakte hai,,dengue,kya dengue fever me  antibiotics medicine le sakte hai,neutral
https://www.youtube.com/watch?v=BVIrZIOoZU0,2 years ago (edited),"Sir can a dengue patient get black stool by eating iron tablet and beetroot, please suggest",,dengue,sir can a dengue patient get black stool by eating iron tablet and beetroot please suggest,positive
https://www.youtube.com/watch?v=BVIrZIOoZU0,2 years ago (edited),Dengue virus ( Arbo virus family ) has mainly 4 serotypes (5th one not isolated ) . Majority of the time when you get reinfected along with a different serotype then only you have higher chances of developing DSS or DHF . Btw dengue also have Saddleback fever pattern meaning biphasic fever with an initial peak that remits and appears again after some days like what we have seen in many cases of covid .,,dengue,dengue virus  arbo virus family  has mainly 4 serotypes 5th one not isolated   majority of the time when you get reinfected along with a different serotype then only you have higher chances of developing dss or dhf  btw dengue also have saddleback fever pattern meaning biphasic fever with an initial peak that remits and appears again after some days like what we have seen in many cases of covid,positive
https://www.youtube.com/watch?v=BVIrZIOoZU0,2 years ago,Hello sir ji.. agar patient ko dubara dengue hua to ..kya hota hai.. kya uske antibodies antigen ke  against kam karte hai kya...  Mene bass suna hai.. please clear kare sir ji,,dengue,hello sir ji agar patient ko dubara dengue hua to kya hota hai kya uske antibodies antigen ke  against kam karte hai kya  mene bass suna hai please clear kare sir ji,positive
https://www.youtube.com/watch?v=BVIrZIOoZU0,2 years ago,"Dengue pehle ekbar  ho chuka , firse dengu hine se jan bachneka chace kitna  hay sir ?",,dengue,dengue pehle ekbar  ho chuka  firse dengu hine se jan bachneka chace kitna  hay sir,neutral
https://www.youtube.com/watch?v=BVIrZIOoZU0,2 years ago,"Sir , is it safe to take calpol to control fever in dengue patient ? Since calpol contains a pain killer component. Please  reply yes or no üôè",,dengue,sir  is it safe to take calpol to control fever in dengue patient  since calpol contains a pain killer component please  reply yes or no,negative
https://www.youtube.com/watch?v=BVIrZIOoZU0,2 years ago,Jo ye bata rahe hain serious lo jo smjha rahe hain samjh lo ye to khud allopath ki khamiyan nikalte hain aisa allopathic knowledgeable Dr bht kam Dr milte hain bat ye hai ki inke guru sir Dr kk agrawal ji the jb guru dronacharya honge to sisya Arjun hi hoga baki jisko dengue ho jaye to inko mt follow krna na pcm lena bs biswaroop bhagwan ji dwara batai dip diet khate rhna jb mamla gambhir ho jaye tb aa jana allopath me tb tk case bigad Chuka hoga kitne log isi me is bar chale gaye Inka to sukragujar hona chahiyeüôèüôèüôè,,dengue,jo ye bata rahe hain serious lo jo smjha rahe hain samjh lo ye to khud allopath ki khamiyan nikalte hain aisa allopathic knowledgeable dr bht kam dr milte hain bat ye hai ki inke guru sir dr kk agrawal ji the jb guru dronacharya honge to sisya arjun hi hoga baki jisko dengue ho jaye to inko mt follow krna na pcm lena bs biswaroop bhagwan ji dwara batai dip diet khate rhna jb mamla gambhir ho jaye tb aa jana allopath me tb tk case bigad chuka hoga kitne log isi me is bar chale gaye inka to sukragujar hona chahiye,positive
https://www.youtube.com/watch?v=BVIrZIOoZU0,2 years ago,"Dengue is life threatening. 

We take it easily.,dangerous. 

Thank you Dr Sahab for good advice 


Jay hind",,dengue,"dengue is life threatening 

we take it easilydangerous 

thank you dr sahab for good advice 


jay hind",positive
https://www.youtube.com/watch?v=BVIrZIOoZU0,2 years ago,Sir dengue ka peak kab aane ka chance hai delhi and western UP mai,,dengue,sir dengue ka peak kab aane ka chance hai delhi and western up mai,positive
https://www.youtube.com/watch?v=BVIrZIOoZU0,2 years ago,Dengue ka specific treatment kya hai ...ya dengue ka koi ilaaj nhi h kewal symptomatic treatment kiya jata hai ?,,dengue,dengue ka specific treatment kya hai ya dengue ka koi ilaaj nhi h kewal symptomatic treatment kiya jata hai,neutral
https://www.youtube.com/watch?v=BVIrZIOoZU0,2 years ago,Sir dengue k brand ambassador ban jao,,dengue,sir dengue k brand ambassador ban jao,negative
https://www.youtube.com/watch?v=BVIrZIOoZU0,2 years ago,Sir ye dengue kab tak jayega,,dengue,sir ye dengue kab tak jayega,neutral
https://www.youtube.com/watch?v=BVIrZIOoZU0,2 years ago,Bhukaar atta hai toh kidney din mai dengue test karana,,dengue,bhukaar atta hai toh kidney din mai dengue test karana,neutral
https://www.youtube.com/watch?v=BVIrZIOoZU0,2 years ago,Sir mjhe sirf fever hai aur dengue aur typhoid dono diagnose hua hai...koi aur symptoms nahi hai....kya mjhe satark ho jana cahiye ya jo medicayion doctor ne dia hai wo hi kaafi hai,,dengue,sir mjhe sirf fever hai aur dengue aur typhoid dono diagnose hua haikoi aur symptoms nahi haikya mjhe satark ho jana cahiye ya jo medicayion doctor ne dia hai wo hi kaafi hai,neutral
https://www.youtube.com/watch?v=BVIrZIOoZU0,2 years ago,Mjhe kal dengue diagnose hua hai....per mjhe sirf fever aa raha hai aur koi symptoms nahi hai,,dengue,mjhe kal dengue diagnose hua haiper mjhe sirf fever aa raha hai aur koi symptoms nahi hai,neutral
https://www.youtube.com/watch?v=BVIrZIOoZU0,2 years ago,Dengue ka machhar night mein bhi hota hai abhi ye bhi new virus aya hai üôèüëçüå∑,,dengue,dengue ka machhar night mein bhi hota hai abhi ye bhi new virus aya hai,neutral
https://www.youtube.com/watch?v=ODizg-zYGEw,2 years ago,"Mere husband one week se dengue is khatranak bimarise suffer kar rahe hai.
Unka platelets 1:30 hai down hote jare .. plz bolIye me kya karu",,dengue,"mere husband one week se dengue is khatranak bimarise suffer kar rahe hai
unka platelets 130 hai down hote jare  plz boliye me kya karu",negative
https://www.youtube.com/watch?v=ODizg-zYGEw,2 years ago,Antibiotics are suitable for dengue patients or not boss?,,dengue,antibiotics are suitable for dengue patients or not boss,neutral
https://www.youtube.com/watch?v=ODizg-zYGEw,2 years ago,Dr.sahab m.p. Dengue k lakshan dikh rahe the janch me kuch hi nhi nikla pletes kam ho gayi h khana bilkul bhi achha nahi lagta kya kare,,dengue,drsahab mp dengue k lakshan dikh rahe the janch me kuch hi nhi nikla pletes kam ho gayi h khana bilkul bhi achha nahi lagta kya kare,neutral
https://www.youtube.com/watch?v=ODizg-zYGEw,2 years ago,Mujhe dengue test positive.. Tha.....per plateus  kam nhi hua..,,dengue,mujhe dengue test positive thaper plateus  kam nhi hua,positive
https://www.youtube.com/watch?v=ODizg-zYGEw,2 years ago,"Sir mein last year dengue me 28,000 platelet count me ghr me baitha hua tha n uske bd medi li ghr me hi sir recover ho gya shayad mein gym me jaata tha isly",,dengue,sir mein last year dengue me 28000 platelet count me ghr me baitha hua tha n uske bd medi li ghr me hi sir recover ho gya shayad mein gym me jaata tha isly,neutral
https://www.youtube.com/watch?v=ODizg-zYGEw,2 years ago,Sbse bade dengue tum ho,,dengue,sbse bade dengue tum ho,neutral
https://www.youtube.com/watch?v=ODizg-zYGEw,2 years ago,Patanjali ka rambaan .....sadang....kisi bhi patanjali store pe miljaayegaa.....dengue mein day first se start ...karein...cytrus fruit khaayein......aaraam poora karein.....koi bhi physical ya mental work se poori tarah alag ho jaayein.....drink Luke warm water .....sadang ko bhi Luke warm water se lein .............8 days mein body recover ho jaayegi.......... knowledge ko aage bhi share karein...,,dengue,patanjali ka rambaan sadangkisi bhi patanjali store pe miljaayegaadengue mein day first se start kareincytrus fruit khaayeinaaraam poora kareinkoi bhi physical ya mental work se poori tarah alag ho jaayeindrink luke warm water sadang ko bhi luke warm water se lein 8 days mein body recover ho jaayegi knowledge ko aage bhi share karein,positive
https://www.youtube.com/watch?v=ODizg-zYGEw,2 years ago,"Mujhe dengue hua to pata chala,,bahut painful hota hai,,but thanks god i m well nowüôèbhagwan sabhi ko jaldi thik kar de...aur sabhi ko safe rkheüôèüôèpls take care allüòä",,dengue,mujhe dengue hua to pata chalabahut painful hota haibut thanks god i m well nowbhagwan sabhi ko jaldi thik kar deaur sabhi ko safe rkhepls take care all,positive
https://www.youtube.com/watch?v=ODizg-zYGEw,2 years ago,Dr sahab abhi 15din phale meri beti ko dengue huwa tha ..ab wo thik hai platelets 218000 fourth test mai aayi...ab mujhe uska liver test karwana chahiye kya plz sir bataiyeüôèüôè,,dengue,dr sahab abhi 15din phale meri beti ko dengue huwa tha ab wo thik hai platelets 218000 fourth test mai aayiab mujhe uska liver test karwana chahiye kya plz sir bataiye,positive
https://www.youtube.com/watch?v=ODizg-zYGEw,2 years ago,"Mujhe 2014 me Nimisulide tab lene se malaria & dengue mix tha, shirf 13000 platelatecount hi gaye the, baad hospital me admit huva to thik yuva
Sahi baat he pain killer dawa nahi leni chahiye üëçüëç",,dengue,"mujhe 2014 me nimisulide tab lene se malaria  dengue mix tha shirf 13000 platelatecount hi gaye the baad hospital me admit huva to thik yuva
sahi baat he pain killer dawa nahi leni chahiye",negative
https://www.youtube.com/watch?v=ODizg-zYGEw,2 years ago,Dengue me Lariago tab le sakte h kya,,dengue,dengue me lariago tab le sakte h kya,neutral
https://www.youtube.com/watch?v=ODizg-zYGEw,2 years ago,Dengue is spreading like fire,,dengue,dengue is spreading like fire,neutral
https://www.youtube.com/watch?v=ODizg-zYGEw,2 years ago,But mujhe dengue hua tha to doctor ne 3 days Meftal forte diya tha. Kya Meftal forte bhi utni hi dangerous hai in dengue.,,dengue,but mujhe dengue hua tha to doctor ne 3 days meftal forte diya tha kya meftal forte bhi utni hi dangerous hai in dengue,negative
https://www.youtube.com/watch?v=ODizg-zYGEw,2 years ago,Aapko kuch nahi hua mere bete ko dengue mai hospital mai yahi meftal p diya tha.,,dengue,aapko kuch nahi hua mere bete ko dengue mai hospital mai yahi meftal p diya tha,neutral
https://www.youtube.com/watch?v=ODizg-zYGEw,2 years ago,Not in dengue,,dengue,not in dengue,neutral
https://www.youtube.com/watch?v=ODizg-zYGEw,2 years ago,Dr Sahib you are also wearing a half sleeves please be careful and wear full sleeves shirt for safeguard against dengue fever !!!!,,dengue,dr sahib you are also wearing a half sleeves please be careful and wear full sleeves shirt for safeguard against dengue fever,positive
https://www.youtube.com/watch?v=ODizg-zYGEw,2 years ago,¬†@allrounder9294¬† ‡§®‡§π‡•Ä ‡§≠‡§æ‡§à dexona ek steroid hai jo dengue ke patient ko nhi diya jata,,dengue,‡§®‡§π ‡§≠‡§à dexona ek steroid hai jo dengue ke patient ko nhi diya jata,neutral
https://www.youtube.com/watch?v=ODizg-zYGEw,2 years ago,"Sir humidity toh hai nhi na barish Hui h ,fir dengue kyu ho raha",,dengue,sir humidity toh hai nhi na barish hui h fir dengue kyu ho raha,neutral
https://www.youtube.com/watch?v=74BFLVEb3Ko,3 years ago,"Dengue k patients ko Hari papita ka patta ka   juice,  aur bakri ka dudh(Bina boil k), kivi fal khilao din me 3 se 4 baar. 
Aur juice khub pilao. Patients thik ho jayega.",,dengue,"dengue k patients ko hari papita ka patta ka   juice  aur bakri ka dudhbina boil k kivi fal khilao din me 3 se 4 baar 
aur juice khub pilao patients thik ho jayega",neutral
https://www.youtube.com/watch?v=74BFLVEb3Ko,3 years ago,Alert  high alert dengue fever break out in up please drink warm water regularly and eat healthy food,,dengue,alert  high alert dengue fever break out in up please drink warm water regularly and eat healthy food,positive
https://www.youtube.com/watch?v=74BFLVEb3Ko,3 years ago,Dengue patient ka mazak bana rahe ho..,,dengue,dengue patient ka mazak bana rahe ho,neutral
https://www.youtube.com/watch?v=74BFLVEb3Ko,3 years ago,It¬¥s not dengue and for it you shoud drink nettle tea.,,dengue,its not dengue and for it you shoud drink nettle tea,neutral
https://www.youtube.com/watch?v=74BFLVEb3Ko,3 years ago,Dengu ki bimariyan to Gujarat ke andar bhi Jod se pakdi hai Hamare dost ke ladke ko dengue ho gaya tha Private hospital mein ki kaarvayi Humne uska kharcha Kari Bam 450000 Upar Ho Gaya,,dengue,dengu ki bimariyan to gujarat ke andar bhi jod se pakdi hai hamare dost ke ladke ko dengue ho gaya tha private hospital mein ki kaarvayi humne uska kharcha kari bam 450000 upar ho gaya,neutral
https://www.youtube.com/watch?v=XSPdjoS6MQE,2 years ago,"Thanku so much  for the information sir , üôè mere beti ko 1 bar dengue ho chuki hai ,please share some more information",,dengue,thanku so much  for the information sir   mere beti ko 1 bar dengue ho chuki hai please share some more information,positive
https://www.youtube.com/watch?v=jiMoIKjde38,5 years ago,Chikungunya Virus Easy Home Treatment https://youtu.be/wR4pIHolt6M,,chikungunya,chikungunya virus easy home treatment,positive
https://www.youtube.com/watch?v=KalenYcE5aY,8 years ago,chikungunya es bakchod neha ho hona chaiye,,chikungunya,chikungunya es bakchod neha ho hona chaiye,neutral
https://www.youtube.com/watch?v=KalenYcE5aY,8 years ago,hadd hai yaar dalip panday ke...agar LG supreme hai aur app log kuch nahi kar sakte toh resign kar na kyu free ke paise bana rahe ho kyu 2.5 lakh salary le rahe ho...arey dono mcd aur delhi sarkar kei zimedari hai...dengue ke machar gande pani mein nahi hote..saf pani ji leak hota hai water pipe line sei woh toh jal board ke under atta hai...shame on this politics ke Supreme court ke judgement de ham kuch nahi karenge LG jo bolega woh karenge,,dengue,hadd hai yaar dalip panday keagar lg supreme hai aur app log kuch nahi kar sakte toh resign kar na kyu free ke paise bana rahe ho kyu 25 lakh salary le rahe hoarey dono mcd aur delhi sarkar kei zimedari haidengue ke machar gande pani mein nahi hotesaf pani ji leak hota hai water pipe line sei woh toh jal board ke under atta haishame on this politics ke supreme court ke judgement de ham kuch nahi karenge lg jo bolega woh karenge,positive
https://www.youtube.com/watch?v=vhbzVw9_1Hs,9 months ago,"Hi, 
Your son can get treatment at our centre. We treat filariasis with integrative treatment combining allopathy, ayurveda, yoga and diet.  If possible kindly visit us. To book an appointment please get in touch with Ph:+91 8590125313 / + 91 8547934863
You can also contact us through our whatsApp number and share some photographs of the affected limbs. Our team will evaluate the condition and explain to you the treatment options available in IAD.
WhatsApp Number: 09895588735 Email ID: iadorg@gmail.com",,filariasis,"hi 
your son can get treatment at our centre we treat filariasis with integrative treatment combining allopathy ayurveda yoga and diet  if possible kindly visit us to book an appointment please get in touch with ph91 8590125313   91 8547934863
you can also contact us through our whatsapp number and share some photographs of the affected limbs our team will evaluate the condition and explain to you the treatment options available in iad
whatsapp number 09895588735 email id iadorgcom",positive
https://www.youtube.com/watch?v=xBaoi3cwXiE,1 year ago,"Respect Sir 
Myself Dr Prashant D Bisen (B.A.M.S.)I am A Community Health Officer IN Maharashtra State
I Have 1 Patient of Age 45 year she develope swelling Of Both Leg since 2 month 
Itching in Body
Pain / Discomfort in lower Abdomen
I Suspected Her For Lymphatic Filariasis 
Her blood sample were Taken Yesterday 18/3/24
We were waiting for Slide Observation Report 
But Now in This Condition what will we Do
Can We give a DEC",,filariasis,"respect sir 
myself dr prashant d bisen bamsi am a community health officer in maharashtra state
i have 1 patient of age 45 year she develope swelling of both leg since 2 month 
itching in body
pain  discomfort in lower abdomen
i suspected her for lymphatic filariasis 
her blood sample were taken yesterday 18324
we were waiting for slide observation report 
but now in this condition what will we do
can we give a dec",negative
https://www.youtube.com/watch?v=xBaoi3cwXiE,2 years ago,My wife is suffering from filariasis.i want treatment her. Please suggest me,,filariasis,my wife is suffering from filariasisi want treatment her please suggest me,negative
https://www.youtube.com/watch?v=xBaoi3cwXiE,3 years ago,"Hi Shivam
Filariasis ‡§ï‡•á ‡§≤‡§ø‡§è, ‡§π‡§Æ surgery ‡§Ø‡§æ operation ‡§ï‡•Ä ‡§∏‡§≤‡§æ‡§π ‡§®‡§π‡•Ä‡§Ç ‡§¶‡•á‡§§‡•á ‡§π‡•à‡§Ç‡•§ ‡§ï‡•ç‡§Ø‡•ã‡§Ç‡§ï‡§ø ‡§Ø‡§π ‡§Ö‡§™‡•ç‡§∞‡§≠‡§æ‡§µ‡•Ä ‡§π‡•à ‡§î‡§∞ surgery ‡§¨‡§æ‡§¶ ‡§≠‡•Ä filariasis ‡§´‡§ø‡§∞ ‡§∏‡•á ‡§π‡•ã ‡§∏‡§ï‡§§‡§æ ‡§π‡•à‡•§ ‡§á‡§∏‡§≤‡§ø‡§è IAD ‡§Æ‡•á‡§Ç ‡§π‡§Æ ‡§á‡§® ‡§∞‡•ã‡§ó‡§ø‡§Ø‡•ã‡§Ç ‡§ï‡•á ‡§≤‡§ø‡§è Integrated Treatment  ‡§™‡•ç‡§∞‡§¶‡§æ‡§® ‡§ï‡§∞‡§§‡•á ‡§π‡•à‡§Ç, ‡§ú‡§ø‡§∏‡§∏‡•á Filariasis ‡§ï‡§æ ‡§ñ‡§§‡§∞‡§æ ‡§ï‡§Æ ‡§π‡•ã ‡§∏‡§ï‡§§‡§æ ‡§π‡•à‡•§ ‡§π‡§Æ‡•á‡§Ç ‡§Ø‡§π ‡§ï‡§π‡§§‡•á ‡§π‡•Å‡§è ‡§ñ‡•Å‡§∂‡•Ä ‡§π‡•ã ‡§∞‡§π‡•Ä ‡§π‡•à ‡§ï‡§ø ‡§π‡§Æ‡§æ‡§∞‡•á ‡§ï‡§à ‡§∞‡•ã‡§ó‡§ø‡§Ø‡•ã‡§Ç ‡§®‡•á ‡§á‡§≤‡§æ‡§ú ‡§ï‡•á ‡§¨‡§æ‡§¶ ‡§™‡•à‡§∞‡•ã‡§Ç‡§ï‡•á ‡§Ü‡§ï‡§æ‡§∞ ‡§Æ‡•á‡§Ç ‡§≤‡§ó‡§≠‡§ó 80% ‡§ï‡•Ä ‡§ï‡§Æ‡•Ä ‡§™‡§æ‡§à ‡§π‡•à‡•§



Filariasis ke liye, ham surgery ya oparation ke salaah nahin dete hain. kyonki yah aprabhaavee hai aur surgery ke baad bhee Filaria phir se ho sakata hai. is liye IAD me ham Integrated Treatment pradaan karate hain, jis se Filaria ka khatara kam ho sakata hai. hamen yah kahate hue khushi ho rahi hai ki hamare kayi patient ne ilaaj ke baad paironke aakaar mein lagabhag 80% kee kamee payi hai.",,filariasis,"hi shivam
filariasis ‡§ï ‡§≤‡§è ‡§π‡§Æ surgery ‡§Ø operation ‡§ï ‡§∏‡§≤‡§π ‡§®‡§π ‡§¶‡§§ ‡§π ‡§ï‡§Ø‡§ï ‡§Ø‡§π ‡§Ö‡§™‡§∞‡§≠‡§µ ‡§π ‡§î‡§∞ surgery ‡§¨‡§¶ ‡§≠ filariasis ‡§´‡§∞ ‡§∏ ‡§π ‡§∏‡§ï‡§§ ‡§π ‡§á‡§∏‡§≤‡§è iad ‡§Æ ‡§π‡§Æ ‡§á‡§® ‡§∞‡§ó‡§Ø ‡§ï ‡§≤‡§è integrated treatment  ‡§™‡§∞‡§¶‡§® ‡§ï‡§∞‡§§ ‡§π ‡§ú‡§∏‡§∏ filariasis ‡§ï ‡§ñ‡§§‡§∞ ‡§ï‡§Æ ‡§π ‡§∏‡§ï‡§§ ‡§π ‡§π‡§Æ ‡§Ø‡§π ‡§ï‡§π‡§§ ‡§π‡§è ‡§ñ‡§∂ ‡§π ‡§∞‡§π ‡§π ‡§ï ‡§π‡§Æ‡§∞ ‡§ï‡§à ‡§∞‡§ó‡§Ø ‡§® ‡§á‡§≤‡§ú ‡§ï ‡§¨‡§¶ ‡§™‡§∞‡§ï ‡§Ü‡§ï‡§∞ ‡§Æ ‡§≤‡§ó‡§≠‡§ó 80 ‡§ï ‡§ï‡§Æ ‡§™‡§à ‡§π



filariasis ke liye ham surgery ya oparation ke salaah nahin dete hain kyonki yah aprabhaavee hai aur surgery ke baad bhee filaria phir se ho sakata hai is liye iad me ham integrated treatment pradaan karate hain jis se filaria ka khatara kam ho sakata hai hamen yah kahate hue khushi ho rahi hai ki hamare kayi patient ne ilaaj ke baad paironke aakaar mein lagabhag 80 kee kamee payi hai",neutral
https://www.youtube.com/watch?v=xBaoi3cwXiE,4 years ago,Sir I have filariasis from 8 years how can I get completely remove from it please tell me,,filariasis,sir i have filariasis from 8 years how can i get completely remove from it please tell me,positive
https://www.youtube.com/watch?v=xBaoi3cwXiE,4 years ago,sir my father age is 73yrs he suffering from filariasis last 50yrs.last 15 days he is not able t o walk.he telling his leg is sleeping and he is not able to control his leg now.we need to take treatment in IAD .,,filariasis,sir my father age is 73yrs he suffering from filariasis last 50yrslast 15 days he is not able t o walkhe telling his leg is sleeping and he is not able to control his leg nowwe need to take treatment in iad,negative
https://www.youtube.com/watch?v=xBaoi3cwXiE,4 years ago,"Thank you very much for approaching us.
If possible kindly visit us. Our address is given below. 
You can also contact us through our WhatsApp Number and share few photographs of the affected limb.  Our team will evaluate the condition and guide you accordingly.
We have to assess the condition before estimating the cost. The treatment cost is depends on the size and circumference of the limb, duration of treatment, time needed to manage the condition, materials, and medicines required. 
For Lymphedema (including Lymphatic Filariasis) it ranges from Rs. 40,000 to Rs. 85,000.
Feel free to contact us. Our contact details are below 
WhatsApp No: 09895588735
e-mail ID : iadorg@gmail.com
Our Address
Institute of Applied Dermatology
MP XVII/779, Uliyathadka,Madhur Road, Kasaragod-671124 ,Kerala ,  India",,filariasis,"thank you very much for approaching us
if possible kindly visit us our address is given below 
you can also contact us through our whatsapp number and share few photographs of the affected limb  our team will evaluate the condition and guide you accordingly
we have to assess the condition before estimating the cost the treatment cost is depends on the size and circumference of the limb duration of treatment time needed to manage the condition materials and medicines required 
for lymphedema including lymphatic filariasis it ranges from rs 40000 to rs 85000
feel free to contact us our contact details are below 
whatsapp no 09895588735
email id  iadorgcom
our address
institute of applied dermatology
mp xvii779 uliyathadkamadhur road kasaragod671124 kerala   india",positive
https://www.youtube.com/watch?v=xBaoi3cwXiE,4 years ago,"Dear Biki Saha
Thank you very much for approaching us
We have to accept the fact that there is no permanent cure for Lymphatic Filariasis/Lymphedema. But it can be managed.  With Integrative treatment here in IAD we could reduce the the risk of Filariasis.  
We are glad to say that many of our patients found nearly 80% of reduction in limb size after the treatment

Our team of doctors is available on WhatsApp. You can contact them via WhatsApp or via email. Team will respond you immediately. 
Contact details are given below
WhatsApp No: 09895588735
e-mail ID : iadorg@gmail.com",,filariasis,"dear biki saha
thank you very much for approaching us
we have to accept the fact that there is no permanent cure for lymphatic filariasislymphedema but it can be managed  with integrative treatment here in iad we could reduce the the risk of filariasis  
we are glad to say that many of our patients found nearly 80 of reduction in limb size after the treatment

our team of doctors is available on whatsapp you can contact them via whatsapp or via email team will respond you immediately 
contact details are given below
whatsapp no 09895588735
email id  iadorgcom",positive
https://www.youtube.com/watch?v=xBaoi3cwXiE,5 years ago,"Hi,
There is no permanent cure for Lymphatic Filariasis/Lymphoedema. But it can be managed with Integrative treatment.  Treatment duration depends upon the limb size.  Kindly contact us through whatsup number and share few photographs of the affected limb. 
These photographs will help us to evaluate the condition based on that we will guide you.     
Whtasup No: 09895588735
e-mail ID: iadorg@gmail.com",,filariasis,"hi
there is no permanent cure for lymphatic filariasislymphoedema but it can be managed with integrative treatment  treatment duration depends upon the limb size  kindly contact us through whatsup number and share few photographs of the affected limb 
these photographs will help us to evaluate the condition based on that we will guide you     
whtasup no 09895588735
email id iadorgcom",positive
https://www.youtube.com/watch?v=xBaoi3cwXiE,5 years ago,Sir i m frm odisha nd one of my cousin has filariasis ...how do i contact u and what will be the treatment cost,,filariasis,sir i m frm odisha nd one of my cousin has filariasis how do i contact u and what will be the treatment cost,neutral
https://www.youtube.com/watch?v=xBaoi3cwXiE,6 years ago (edited),sir i am RAMESH from AP I had a filariasis please help me,,filariasis,sir i am ramesh from ap i had a filariasis please help me,positive
https://www.youtube.com/watch?v=xBaoi3cwXiE,6 years ago,Sir mujhe filariasis hai 6 years per kafi mota hai help me,,filariasis,sir mujhe filariasis hai 6 years per kafi mota hai help me,positive
https://www.youtube.com/watch?v=xBaoi3cwXiE,6 years ago,There is no permenent cure for lymphoedema/filariasis. Swelling will reduce significantly with regular treatment. Kindly send your photos of affected area for evaluation either by mail to iadorg@gmail.com or whats app to 9895588735. We will evaluate your condition and let you know regarding treatment details.,,filariasis,there is no permenent cure for lymphoedemafilariasis swelling will reduce significantly with regular treatment kindly send your photos of affected area for evaluation either by mail to iadorgcom or whats app to 9895588735 we will evaluate your condition and let you know regarding treatment details,positive
https://www.youtube.com/watch?v=xBaoi3cwXiE,6 years ago,"Hello Neha Hansdal, 

Hum Lymphatic filariasis ke liye massage, yoga aur compression methods ko milakar ek treatment protocol develop kiya hain. Aapko 14 ya 21 days ka treatment IAD mein hum dhenge, baad mein aap yeh treatment ghar mein chalu karna hain. Yeh treatment lene se soojan, filarial fever aur weight kam hojayega, lekin aap yeh treatment ghar mein bhi continue karna padega.  

Zyaada jaankari ke liye humare treatment experts se direct phone par baath kijiye. Phone Number : 04994240862, 04994240863, 09895588735",,filariasis,"hello neha hansdal 

hum lymphatic filariasis ke liye massage yoga aur compression methods ko milakar ek treatment protocol develop kiya hain aapko 14 ya 21 days ka treatment iad mein hum dhenge baad mein aap yeh treatment ghar mein chalu karna hain yeh treatment lene se soojan filarial fever aur weight kam hojayega lekin aap yeh treatment ghar mein bhi continue karna padega  

zyaada jaankari ke liye humare treatment experts se direct phone par baath kijiye phone number  04994240862 04994240863 09895588735",positive
https://www.youtube.com/watch?v=xBaoi3cwXiE,6 years ago,"Hello  Neha Hansda , Hamara treatment home based self-care treatment he. Yeh treatment ghar mein bhi continue karna he, tho swelling kamm ho jayega. Yeh treatment hathi paun (Filariasis), fever ko control kartha hain. Is number par call kare aur hamare treatment experts se direct baath kare. Woh aapke sabhi doubts ko clear karenge : +914994240862, +914994240863, +919895588735",,filariasis,hello  neha hansda  hamara treatment home based selfcare treatment he yeh treatment ghar mein bhi continue karna he tho swelling kamm ho jayega yeh treatment hathi paun filariasis fever ko control kartha hain is number par call kare aur hamare treatment experts se direct baath kare woh aapke sabhi doubts ko clear karenge  914994240862 914994240863 919895588735,positive
https://www.youtube.com/watch?v=xBaoi3cwXiE,6 years ago,"Hello Kanchi Ramesh,

Hum Lymphatic filariasis ke liye massage, yoga aur compression methods ko milakar ek treatment protocol develop kiya hain. Aapko 14 ya 21 days ka treatment humare treatment centre (Kasaragod, Kerala) mein hum dhenge aur sikhayenge ki kaise karna hein. Baad mein, aap yeh treatment ghar mein jaake continue karna hein. 

Yeh treatment lene se soojan, filarial fever aur weight kam hojayega, lekin aap yeh treatment ghar mein bhi continue karna padega. 

Zyaada jaankari ke liye humare treatment experts se direct phone par baath kijiye. Phone Number : 04994240862, 04994240863, 09895588735",,filariasis,"hello kanchi ramesh

hum lymphatic filariasis ke liye massage yoga aur compression methods ko milakar ek treatment protocol develop kiya hain aapko 14 ya 21 days ka treatment humare treatment centre kasaragod kerala mein hum dhenge aur sikhayenge ki kaise karna hein baad mein aap yeh treatment ghar mein jaake continue karna hein 

yeh treatment lene se soojan filarial fever aur weight kam hojayega lekin aap yeh treatment ghar mein bhi continue karna padega 

zyaada jaankari ke liye humare treatment experts se direct phone par baath kijiye phone number  04994240862 04994240863 09895588735",positive
https://www.youtube.com/watch?v=xBaoi3cwXiE,6 years ago,"HelloTharan Das Kurrey,

Hum Lymphatic filariasis ke liye massage, yoga aur compression methods ko milakar ek treatment protocol develop kiya hain. Aapko 14 ya 21 days ka treatment IAD mein hum dhenge aur sikhayenge ki kaise karna hein. Baad mein, aap yeh treatment ghar mein jaake continue karna hein. 

Yeh treatment lene se soojan, filarial fever aur weight kam hojayega, lekin aap yeh treatment ghar mein bhi continue karna padega. 

Zyaada jaankari ke liye humare treatment experts se direct phone par baath kijiye. Phone Number : 04994240862, 04994240863, 09895588735",,filariasis,"hellotharan das kurrey

hum lymphatic filariasis ke liye massage yoga aur compression methods ko milakar ek treatment protocol develop kiya hain aapko 14 ya 21 days ka treatment iad mein hum dhenge aur sikhayenge ki kaise karna hein baad mein aap yeh treatment ghar mein jaake continue karna hein 

yeh treatment lene se soojan filarial fever aur weight kam hojayega lekin aap yeh treatment ghar mein bhi continue karna padega 

zyaada jaankari ke liye humare treatment experts se direct phone par baath kijiye phone number  04994240862 04994240863 09895588735",positive
https://www.youtube.com/watch?v=xBaoi3cwXiE,6 years ago,"Hello Sunil Barnwal,

Hum Lymphatic filariasis ke liye massage, yoga aur compression methods ko milakar ek treatment protocol develop kiya hain. Aapko 14 ya 21 days ka treatment IAD mein hum dhenge, baad mein aap yeh treatment ghar mein chalu karna hain. Yeh treatment lene se soojan, filarial fever aur weight kam hojayega, lekin aap yeh treatment ghar mein bhi continue karna padega.

Zyaada jaankari ke liye humare treatment experts se direct phone par baath kijiye. Phone Number : 04994240862, 04994240863, 09895588735",,filariasis,"hello sunil barnwal

hum lymphatic filariasis ke liye massage yoga aur compression methods ko milakar ek treatment protocol develop kiya hain aapko 14 ya 21 days ka treatment iad mein hum dhenge baad mein aap yeh treatment ghar mein chalu karna hain yeh treatment lene se soojan filarial fever aur weight kam hojayega lekin aap yeh treatment ghar mein bhi continue karna padega

zyaada jaankari ke liye humare treatment experts se direct phone par baath kijiye phone number  04994240862 04994240863 09895588735",positive
https://www.youtube.com/watch?v=xBaoi3cwXiE,7 years ago,Filariasis sirf medicine lene se kam nahi hojayega. Isiliye hum ne integrated treatment develop kiya hain. hamara treatment ka jaankari ke liye is link mein jaayiye. https://www.youtube.com/watch?v=zjvoFHCat8w&t=6s,,filariasis,filariasis sirf medicine lene se kam nahi hojayega isiliye hum ne integrated treatment develop kiya hain hamara treatment ka jaankari ke liye is link mein jaayiye,neutral
https://www.youtube.com/watch?v=xBaoi3cwXiE,7 years ago,"Hello Shahana,

Lymphoedema 2 tharah ke hote hein: Primary aur Secondary. Yadhi Maa ko Primary Lymphoedema he tho disease baby ko bhi ho sakta hein. Ye pregnancy ke time me ya bachcha 10-15 years hone ke baad (Puberty mein) ho sakta hein. 

Lekin, yadhi Maa ko Secondary Lymphoedema ya Filariasis he tho disease baby ko nahi hoga. Filariasis sirf active period mein machchar se hi pheyl sakta he.

Zyaada jaankari ke liye humare treatment experts se baath ki jiye. Phone: 04994240862, 04994240863, 09895588735",,filariasis,"hello shahana

lymphoedema 2 tharah ke hote hein primary aur secondary yadhi maa ko primary lymphoedema he tho disease baby ko bhi ho sakta hein ye pregnancy ke time me ya bachcha 1015 years hone ke baad puberty mein ho sakta hein 

lekin yadhi maa ko secondary lymphoedema ya filariasis he tho disease baby ko nahi hoga filariasis sirf active period mein machchar se hi pheyl sakta he

zyaada jaankari ke liye humare treatment experts se baath ki jiye phone 04994240862 04994240863 09895588735",positive
https://www.youtube.com/watch?v=xBaoi3cwXiE,7 years ago,"Dear Piyush,

Hamara Institution filariasis ke liye modern medicine, ayurveda, homoeopathy aur yoga ke laabhdhaayak amshom samyog kar ke ""Integrative Medicine"" treatment develop kiya hein. Jaankari ke liye hamara website www.iad.org.in visit kijiye ya  hamare treatment experts se direct baath kariye : +914994240862, +914994240863, +919895588735",,filariasis,"dear piyush

hamara institution filariasis ke liye modern medicine ayurveda homoeopathy aur yoga ke laabhdhaayak amshom samyog kar ke integrative medicine treatment develop kiya hein jaankari ke liye hamara website wwwiadorgin visit kijiye ya  hamare treatment experts se direct baath kariye  914994240862 914994240863 919895588735",positive
https://www.youtube.com/watch?v=xBaoi3cwXiE,7 years ago,"Hello ma'm,

Lymphoedema occurs due to damage of the lymphatic vessels. There is dilatation of lymph vessels and normal contractibility is lost (lymphatic vessels carry lymph; its damage causes improper drainage that results in oedema/swelling). Our treatment procedures result in the drainage of lymph, possibly through collateral circulation. As is the case in heart diseases and diabetes, lymphoedema is also not completely curable but we have observed that, following treatment, control of infection and a significant reduction in swelling occurs due to which the patient can return to normal activities. For best results, Lymphoedema/Filariasis patients have to be on long term and often life-long treatment.",,filariasis,"hello mam

lymphoedema occurs due to damage of the lymphatic vessels there is dilatation of lymph vessels and normal contractibility is lost lymphatic vessels carry lymph its damage causes improper drainage that results in oedemaswelling our treatment procedures result in the drainage of lymph possibly through collateral circulation as is the case in heart diseases and diabetes lymphoedema is also not completely curable but we have observed that following treatment control of infection and a significant reduction in swelling occurs due to which the patient can return to normal activities for best results lymphoedemafilariasis patients have to be on long term and often lifelong treatment",positive
https://www.youtube.com/watch?v=zjvoFHCat8w,1 year ago,Are they also treated with ivermectin‚Äôs to kill the parasites which cause lymphatic Filariasis?,,filariasis,are they also treated with ivermectins to kill the parasites which cause lymphatic filariasis,negative
https://www.youtube.com/watch?v=zjvoFHCat8w,1 year ago,Can we know the cost for filariasis treatment,,filariasis,can we know the cost for filariasis treatment,neutral
https://www.youtube.com/watch?v=zjvoFHCat8w,2 years ago,i am are infected with this filariasis,,filariasis,i am are infected with this filariasis,negative
https://www.youtube.com/watch?v=zjvoFHCat8w,11 months ago,"We have two centres in Patna
Address is given below

IAD-Filariasis Treatment Unit - Begusarai
Govt. Ayodhya Shivkumari Ayurved College & Hospital
Suhrid Nagar, Begusarai, Bihar- 851218
Contact No: 9567253334. Email gasay.iadksd@gmail.com

IAD-Treatment Unit - Patna
Govt. Tibbi College & Hospital Patna
Arya Rd, Budh Murti, New Area
Kadamkuan, Patna, Bihar 800003
Phone: 9567403334 Email: iadksdpatna@gmail.com",,filariasis,"we have two centres in patna
address is given below

iadfilariasis treatment unit  begusarai
govt ayodhya shivkumari ayurved college  hospital
suhrid nagar begusarai bihar 851218
contact no 9567253334 email gasayiadksdcom

iadtreatment unit  patna
govt tibbi college  hospital patna
arya rd budh murti new area
kadamkuan patna bihar 800003
phone 9567403334 email iadksdpatnacom",negative
https://www.youtube.com/watch?v=zjvoFHCat8w,1 year ago,"The triple therapy contains Tab Albendazole 400 mg, Tab Diethyl carbemazine citrate 300 mg and tab Ivermectine 9 mg, usually used to kill the parasite, which is widely distributed in endemic areas of lymphatic filariasis
In IAD, a combination of medications according to to the symptoms will be prescribed by the dermatologist.  If it is needed ivermectin will also be prescribed.",,filariasis,"the triple therapy contains tab albendazole 400 mg tab diethyl carbemazine citrate 300 mg and tab ivermectine 9 mg usually used to kill the parasite which is widely distributed in endemic areas of lymphatic filariasis
in iad a combination of medications according to to the symptoms will be prescribed by the dermatologist  if it is needed ivermectin will also be prescribed",negative
https://www.youtube.com/watch?v=zjvoFHCat8w,1 year ago,"Hi,
 It is accepted fact that  Filariasis cannot be cured completely  but it can be managed.
With Integrative treatment here in IAD we could reduce the the risk of Filariasis.  
We are glad to say that many of our patients found nearly 80% of reduction in limb size after the treatment.",,filariasis,"hi
 it is accepted fact that  filariasis cannot be cured completely  but it can be managed
with integrative treatment here in iad we could reduce the the risk of filariasis  
we are glad to say that many of our patients found nearly 80 of reduction in limb size after the treatment",positive
https://www.youtube.com/watch?v=zjvoFHCat8w,1 year ago,"We have to accept the fact that there is no permanent cure for Lymphatic Filariasis/Lymphedema. But it can be managed.  With Integrative treatment here in IAD we could reduce the risk of Filariasis.  
We are glad to say that many of our patients found a nearly 80% reduction in limb size after the treatment
For more information kindly contact us   
WhatsApp No: 09895588735
e-mail ID: iadorg@gmail.com",,filariasis,"we have to accept the fact that there is no permanent cure for lymphatic filariasislymphedema but it can be managed  with integrative treatment here in iad we could reduce the risk of filariasis  
we are glad to say that many of our patients found a nearly 80 reduction in limb size after the treatment
for more information kindly contact us   
whatsapp no 09895588735
email id iadorgcom",positive
https://www.youtube.com/watch?v=zjvoFHCat8w,2 years ago,"Hi,
Please visit our centre. We treat filariasis with Integrative treatment combining allopathy, ayurveda, yoga and diet. We successfully treated more than 5000+ patients with this unique treatment protocol. Kindly note down our contact details
To book an appointment kindly contact   Ph:+91 8590125313 / + 91 854793483
WhatsApp No: 09895588735
Email ID: iadorg@gmail.com",,filariasis,"hi
please visit our centre we treat filariasis with integrative treatment combining allopathy ayurveda yoga and diet we successfully treated more than 5000 patients with this unique treatment protocol kindly note down our contact details
to book an appointment kindly contact   ph91 8590125313   91 854793483
whatsapp no 09895588735
email id iadorgcom",positive
https://www.youtube.com/watch?v=zjvoFHCat8w,2 years ago,"‡§®‡§Æ‡§∏‡•ç‡§§‡•á,
 ‡§Ø‡§π ‡§∏‡§ö ‡§π‡•à ‡§ï‡§ø ‡§´‡§æ‡§á‡§≤‡•á‡§∞‡§ø‡§Ø‡§æ ‡§ï‡•ã ‡§™‡•Ç‡§∞‡•Ä ‡§§‡§∞‡§π ‡§∏‡•á ‡§†‡•Ä‡§ï ‡§®‡§π‡•Ä‡§Ç ‡§ï‡§ø‡§Ø‡§æ ‡§ú‡§æ ‡§∏‡§ï‡§§‡§æ ‡§π‡•à ‡§≤‡•á‡§ï‡§ø‡§® ‡§á‡§∏‡•á ‡§™‡•ç‡§∞‡§¨‡§Ç‡§ß‡§ø‡§§ ‡§ï‡§ø‡§Ø‡§æ ‡§ú‡§æ ‡§∏‡§ï‡§§‡§æ ‡§π‡•à‡•§
‡§Ø‡§π‡§æ‡§Ç IAD ‡§è‡§ï‡•Ä‡§ï‡•É‡§§ (Integrated )‡§â‡§™‡§ö‡§æ‡§∞ ‡§∏‡•á ‡§π‡§Æ ‡§´‡§æ‡§á‡§≤‡•á‡§∞‡§ø‡§Ø‡§æ ‡§ï‡•á ‡§ñ‡§§‡§∞‡•á ‡§ï‡•ã ‡§ï‡§Æ ‡§ï‡§∞ ‡§∏‡§ï‡§§‡•á ‡§π‡•à‡§Ç‡•§
‡§π‡§Æ‡•á‡§Ç ‡§Ø‡§π ‡§ï‡§π‡§§‡•á ‡§π‡•Å‡§è ‡§ñ‡•Å‡§∂‡•Ä ‡§π‡•ã ‡§∞‡§π‡•Ä ‡§π‡•à ‡§ï‡§ø ‡§π‡§Æ‡§æ‡§∞‡•á ‡§ï‡§à ‡§∞‡•ã‡§ó‡§ø‡§Ø‡•ã‡§Ç ‡§®‡•á ‡§á‡§≤‡§æ‡§ú ‡§ï‡•á ‡§¨‡§æ‡§¶ ‡§Ö‡§Ç‡§ó‡•ã‡§Ç ‡§ï‡•á ‡§Ü‡§ï‡§æ‡§∞ ‡§Æ‡•á‡§Ç ‡§≤‡§ó‡§≠‡§ó 80% ‡§ï‡•Ä ‡§ï‡§Æ‡•Ä ‡§™‡§æ‡§à ‡§π‡•à‡•§
 ‡§á‡§≤‡§æ‡§ú ‡§ï‡•á ‡§¨‡§æ‡§∞‡•á ‡§Æ‡•á‡§Ç ‡§Ö‡§ß‡§ø‡§ï ‡§ú‡§æ‡§®‡§®‡•á ‡§ï‡•á ‡§≤‡§ø‡§è ‡§Ü‡§™ ‡§π‡§Æ‡§∏‡•á ‡§µ‡•ç‡§π‡§æ‡§ü‡•ç‡§∏‡§è‡§™ ‡§Ø‡§æ ‡§à‡§Æ‡•á‡§≤ ‡§ï‡•á ‡§ú‡§∞‡§ø‡§è ‡§∏‡§Ç‡§™‡§∞‡•ç‡§ï ‡§ï‡§∞ ‡§∏‡§ï‡§§‡•á ‡§π‡•à‡§Ç‡•§
WhatsApp No: 09895588735
E-mail ID: iadorg@gmail.com
Our Address:
Institute of Applied Dermatology
MP XVII/779, Uliyathadka, Madhur Road, Kasaragod-671124 ,Kerala

Hi,
 It is accepted fact that  Filariasis cannot be cured but it can be managed. 
With Integrative treatment here in IAD we could reduce the the risk of Filariasis.  
We are glad to say that many of our patients found nearly 80% of reduction in limb size after the treatment.
To know more about our treatment procedures kindly contact us 
WhatsApp No: 09895588735
E-mail ID: iadorg@gmail.com
Our Address:
Institute of Applied Dermatology
MP XVII/779, Uliyathadka, Madhur Road, Kasaragod-671124 ,Kerala",,filariasis,"‡§®‡§Æ‡§∏‡§§
 ‡§Ø‡§π ‡§∏‡§ö ‡§π ‡§ï ‡§´‡§á‡§≤‡§∞‡§Ø ‡§ï ‡§™‡§∞ ‡§§‡§∞‡§π ‡§∏ ‡§†‡§ï ‡§®‡§π ‡§ï‡§Ø ‡§ú ‡§∏‡§ï‡§§ ‡§π ‡§≤‡§ï‡§® ‡§á‡§∏ ‡§™‡§∞‡§¨‡§ß‡§§ ‡§ï‡§Ø ‡§ú ‡§∏‡§ï‡§§ ‡§π
‡§Ø‡§π iad ‡§è‡§ï‡§ï‡§§ integrated ‡§â‡§™‡§ö‡§∞ ‡§∏ ‡§π‡§Æ ‡§´‡§á‡§≤‡§∞‡§Ø ‡§ï ‡§ñ‡§§‡§∞ ‡§ï ‡§ï‡§Æ ‡§ï‡§∞ ‡§∏‡§ï‡§§ ‡§π
‡§π‡§Æ ‡§Ø‡§π ‡§ï‡§π‡§§ ‡§π‡§è ‡§ñ‡§∂ ‡§π ‡§∞‡§π ‡§π ‡§ï ‡§π‡§Æ‡§∞ ‡§ï‡§à ‡§∞‡§ó‡§Ø ‡§® ‡§á‡§≤‡§ú ‡§ï ‡§¨‡§¶ ‡§Ö‡§ó ‡§ï ‡§Ü‡§ï‡§∞ ‡§Æ ‡§≤‡§ó‡§≠‡§ó 80 ‡§ï ‡§ï‡§Æ ‡§™‡§à ‡§π
 ‡§á‡§≤‡§ú ‡§ï ‡§¨‡§∞ ‡§Æ ‡§Ö‡§ß‡§ï ‡§ú‡§®‡§® ‡§ï ‡§≤‡§è ‡§Ü‡§™ ‡§π‡§Æ‡§∏ ‡§µ‡§π‡§ü‡§∏‡§è‡§™ ‡§Ø ‡§à‡§Æ‡§≤ ‡§ï ‡§ú‡§∞‡§è ‡§∏‡§™‡§∞‡§ï ‡§ï‡§∞ ‡§∏‡§ï‡§§ ‡§π
whatsapp no 09895588735
email id iadorgcom
our address
institute of applied dermatology
mp xvii779 uliyathadka madhur road kasaragod671124 kerala

hi
 it is accepted fact that  filariasis cannot be cured but it can be managed 
with integrative treatment here in iad we could reduce the the risk of filariasis  
we are glad to say that many of our patients found nearly 80 of reduction in limb size after the treatment
to know more about our treatment procedures kindly contact us 
whatsapp no 09895588735
email id iadorgcom
our address
institute of applied dermatology
mp xvii779 uliyathadka madhur road kasaragod671124 kerala",positive
https://www.youtube.com/watch?v=zjvoFHCat8w,3 years ago,"Lymphatic Filariasis causes lymphoedema in millions across the developing world but the treatment facility is very limited. People from various countries visit IAD for treatment. We also offer online consultations.
Our contact details are below 
WhatsApp No: 09895588735
e-mail ID : iadorg@gmail.com",,filariasis,"lymphatic filariasis causes lymphoedema in millions across the developing world but the treatment facility is very limited people from various countries visit iad for treatment we also offer online consultations
our contact details are below 
whatsapp no 09895588735
email id  iadorgcom",negative
https://www.youtube.com/watch?v=zjvoFHCat8w,3 years ago,"Hi Vijaya Bhaskar,
We have to asses the condition before estimating the cost.
The treatment cost depends on the size and circumference of limb, duration of treatment, time needed to manage the condition, materials and medicines needed. 
For Lymphedema (including Lymphatic Filariasis) it ranges from Rs. 40,000 to Rs. 85,000.
For more information,  feel free to contact us. Our contact details are:
WhatsApp No: 09895588735
e-mail ID : iadorg@gmail.com",,filariasis,"hi vijaya bhaskar
we have to asses the condition before estimating the cost
the treatment cost depends on the size and circumference of limb duration of treatment time needed to manage the condition materials and medicines needed 
for lymphedema including lymphatic filariasis it ranges from rs 40000 to rs 85000
for more information  feel free to contact us our contact details are
whatsapp no 09895588735
email id  iadorgcom",positive
https://www.youtube.com/watch?v=zjvoFHCat8w,4 years ago,"We are expert in treating patients suffering from Lymphatic Filariasis/Lymphoedema with Low cost, homebased, self-care treatment.  So far we have treated more than 5000 lymphatic Filariasis patients. To know know more about our treatment protocol kindly contact us. Our contact details are below
WhatsApp No : 09895588735
e-mail ID        : iadorg@gmail.com",,filariasis,"we are expert in treating patients suffering from lymphatic filariasislymphoedema with low cost homebased selfcare treatment  so far we have treated more than 5000 lymphatic filariasis patients to know know more about our treatment protocol kindly contact us our contact details are below
whatsapp no  09895588735
email id         iadorgcom",negative
https://www.youtube.com/watch?v=zjvoFHCat8w,4 years ago,"filariasis is a disease by helminths, why anti fungal medicine are use to stop infection?",,filariasis,filariasis is a disease by helminths why anti fungal medicine are use to stop infection,negative
https://www.youtube.com/watch?v=zjvoFHCat8w,4 years ago,"Filariasis causes lymphedema also known as Elephantiasis i.e swelling of the limb. When the swelling is long-standing, the limb gets secondarily infected by bacteria and fungi. In order to treat such fungal infections, we use an antifungal cream. If you wish to learn more, read the following article: Narahari SR, Ryan TJ, Aggithaya MG, Swamy GK. Community dermatology in practice: Control of morbidity in lymphatic filariasis patients in Indian villages. CME (Africa) 2013 http://www.cmej.org.za/index.php/cmej/article/view/2802/3067",,filariasis,filariasis causes lymphedema also known as elephantiasis ie swelling of the limb when the swelling is longstanding the limb gets secondarily infected by bacteria and fungi in order to treat such fungal infections we use an antifungal cream if you wish to learn more read the following article narahari sr ryan tj aggithaya mg swamy gk community dermatology in practice control of morbidity in lymphatic filariasis patients in indian villages cme africa 2013,positive
https://www.youtube.com/watch?v=zjvoFHCat8w,4 years ago,"Yes this condition is real. 
Lymphatic filariasis ia a neglected tropical disease that effect the poor population in the developing countries. India has the largest burden of this disease estimated 25 million people are disabled due to this.  Lymphatic Filariais is commonomly known elephantiasis as the deformed leg looks like that of an elephant. The enfected person is unable to walk or work and suffers from pain and frequent fever. 
The Unique Integrative treatment protocol developed by IAD with combination of various systems of medicine such as  Ayurveda, allopathy, homoeopathy, physiotherapy and yoga has brought a ray of hope for thses patients.  IAD successfully treated more than 5000 Lymphatic Filariasis cases with this unique method. 
For more information kinldy contact
WhatsApp No : 09895588735
e-mail ID        : iadorg@gmail.com",,filariasis,"yes this condition is real 
lymphatic filariasis ia a neglected tropical disease that effect the poor population in the developing countries india has the largest burden of this disease estimated 25 million people are disabled due to this  lymphatic filariais is commonomly known elephantiasis as the deformed leg looks like that of an elephant the enfected person is unable to walk or work and suffers from pain and frequent fever 
the unique integrative treatment protocol developed by iad with combination of various systems of medicine such as  ayurveda allopathy homoeopathy physiotherapy and yoga has brought a ray of hope for thses patients  iad successfully treated more than 5000 lymphatic filariasis cases with this unique method 
for more information kinldy contact
whatsapp no  09895588735
email id         iadorgcom",negative
https://www.youtube.com/watch?v=zjvoFHCat8w,4 years ago,"There is no permanent cure for Lymphatic Filariasis/Lymphodema. But it can be managed with Integrative treatment.  For more information kindly contact us   
Whtasup No: 09895588735
e-mail ID: iadorg@gmail.com",,filariasis,"there is no permanent cure for lymphatic filariasislymphodema but it can be managed with integrative treatment  for more information kindly contact us   
whtasup no 09895588735
email id iadorgcom",positive
https://www.youtube.com/watch?v=zjvoFHCat8w,4 years ago,"For those who are ignorant about this disease...Filariasis is a parasitic disease of the lymph nodes, where the worms block the lymph nodes thus causing the swelling...read this from Wikipedia...Filariasis is a parasitic disease caused by an infection with roundworms of the Filarioidea type. These are spread by blood-feeding insects such as black flies and mosquitoes. Google Filariasis & see...",,filariasis,for those who are ignorant about this diseasefilariasis is a parasitic disease of the lymph nodes where the worms block the lymph nodes thus causing the swellingread this from wikipediafilariasis is a parasitic disease caused by an infection with roundworms of the filarioidea type these are spread by bloodfeeding insects such as black flies and mosquitoes google filariasis  see,negative
https://www.youtube.com/watch?v=zjvoFHCat8w,4 years ago,"This condition (lymphatic filariasis) is caused by a parasitic worm - Wucheria bancrofti, Brugia malayi and Brugia timori are the 3 worms.
They are spread via mosquitos (like malaria).
There is no cure for this condition, but prevention of infection should be emphasized.",,filariasis,"this condition lymphatic filariasis is caused by a parasitic worm  wucheria bancrofti brugia malayi and brugia timori are the 3 worms
they are spread via mosquitos like malaria
there is no cure for this condition but prevention of infection should be emphasized",neutral
https://www.youtube.com/watch?v=zjvoFHCat8w,4 years ago,"Take 4-6 bee sting from apis mellifera or honey bee, 2 sting each the foot, the mellitin contains in bee venom can kill filariasis parasite,, take 2 time a week,,",,filariasis,take 46 bee sting from apis mellifera or honey bee 2 sting each the foot the mellitin contains in bee venom can kill filariasis parasite take 2 time a week,negative
https://www.youtube.com/watch?v=zjvoFHCat8w,4 years ago,"It is not the recommended solution. Because ,Filariais can be managed by proper care and treatment.  With Integrative treatment here in IAD we could reduce the risk of Filariasis. We are glad to say that many of our patients found nearly 80% of reduction in limb size after the treatment.",,filariasis,it is not the recommended solution because filariais can be managed by proper care and treatment  with integrative treatment here in iad we could reduce the risk of filariasis we are glad to say that many of our patients found nearly 80 of reduction in limb size after the treatment,positive
https://www.youtube.com/watch?v=zjvoFHCat8w,4 years ago,"Yes. Lymphatic filariasis transmitted by mosquitoes bites. At IAD we follow a self-care, home-based integrated treatment protocol to treat Lymphatic Filariasis, and this protocol is exclusively developed by IAD. It involves the participation of different health systems such as Ayurveda, Allopathy, Yoga, and Physiotherapy as is required.",,filariasis,yes lymphatic filariasis transmitted by mosquitoes bites at iad we follow a selfcare homebased integrated treatment protocol to treat lymphatic filariasis and this protocol is exclusively developed by iad it involves the participation of different health systems such as ayurveda allopathy yoga and physiotherapy as is required,positive
https://www.youtube.com/watch?v=zjvoFHCat8w,5 years ago,We are not advertising anything through this video. This video is exclusively made to educate the patients suffering from Lymphatic Filariasis/Lymphodema. Here we are showing low cost locally available treatment procedures for Lymphatic Filariasis. This treatment protocol has effectively helped over ten thousand patients spread across the country.,,filariasis,we are not advertising anything through this video this video is exclusively made to educate the patients suffering from lymphatic filariasislymphodema here we are showing low cost locally available treatment procedures for lymphatic filariasis this treatment protocol has effectively helped over ten thousand patients spread across the country,negative
https://www.youtube.com/watch?v=zjvoFHCat8w,5 years ago,Does grade3 filariasis complete ly cured.,,filariasis,does grade3 filariasis complete ly cured,positive
https://www.youtube.com/watch?v=zjvoFHCat8w,5 years ago,"Thank you very much for watching this video.
Our whats up no is  09895588735.
IAD is a skin care center.  We are expert in treating patients suffering from Lymphatic Filariasis/Lymphoedema with Low cost, homebased, self-care treatment. We provide treatment for various diseases, like vitiligo, psoriasis, lichen planus, non-healing ulcers, warts and hemiplegia.
 If you need any further information please contact us at Whtasup No: 09895588735",,filariasis,"thank you very much for watching this video
our whats up no is  09895588735
iad is a skin care center  we are expert in treating patients suffering from lymphatic filariasislymphoedema with low cost homebased selfcare treatment we provide treatment for various diseases like vitiligo psoriasis lichen planus nonhealing ulcers warts and hemiplegia
 if you need any further information please contact us at whtasup no 09895588735",positive
https://www.youtube.com/watch?v=zjvoFHCat8w,5 years ago,"Thank you very much for appreciating our work.
Lymphatic Filariasis causes lymphoedema in millions across the developing world but the treatment facility is very limited. As you rightly pointed out the care of lymphoedema of other causes in developed world is little. We have treated a few African-American and Asian-British patients here in IAD. Our success rate has attracted the attention of the Bill and Melinda Gates Foundation. Their officials and technical experts visited us twice in the past and we sat with them for discussion on a possible expansion of this treatment to other geographical regions. If you are able to bring their attention to the suffering of thousands of lymphoedema patients in the USA it would probably work in a positive direction to expand this treatment at least on a pilot basis.  This could benefits people around the world. If you need any further information please contact us at Whtasup No: 09895588735",,filariasis,"thank you very much for appreciating our work
lymphatic filariasis causes lymphoedema in millions across the developing world but the treatment facility is very limited as you rightly pointed out the care of lymphoedema of other causes in developed world is little we have treated a few africanamerican and asianbritish patients here in iad our success rate has attracted the attention of the bill and melinda gates foundation their officials and technical experts visited us twice in the past and we sat with them for discussion on a possible expansion of this treatment to other geographical regions if you are able to bring their attention to the suffering of thousands of lymphoedema patients in the usa it would probably work in a positive direction to expand this treatment at least on a pilot basis  this could benefits people around the world if you need any further information please contact us at whtasup no 09895588735",positive
https://www.youtube.com/watch?v=zjvoFHCat8w,5 years ago,"Water pills can remove the fluid but increases the protein concentration of the lymph fluid, so it is not recommended to take water pills / Diuretics for Lymphoedema.  
Integrative Medicine is the most effective method to manage Lymphatic filariasis or Lymphoedema, With Integrative Medicine treatment patients can get nearly 80% of reduction in lymph size. 

Limb elevation is practiced routinely for all lymphoedema. However, our research has shown that established lymphoedema has more of connective tissue inside the limb than lymph. Nevertheless, limb elevation is important advice as you pointed out. Although this is not mentioned in the video we do recommend limb elevation to all patients. If you wish to read more on water and connective tissue contents of elephantiasis kindly read our research paper  Arun Kumar Karayi, Vijaya Basavaraj, Saravu R Narahari, Guruprasad Aggithaya, Terence J Ryan, and Rajendra Pilankatta. Human Skin Fibrosis: Up-regulation of Collagen type-III gene transcript in the fibrotic skin nodules of lower limb lymphoedema in Tropical Medicine and International Health (A European journal preprint published)",,filariasis,"water pills can remove the fluid but increases the protein concentration of the lymph fluid so it is not recommended to take water pills  diuretics for lymphoedema  
integrative medicine is the most effective method to manage lymphatic filariasis or lymphoedema with integrative medicine treatment patients can get nearly 80 of reduction in lymph size 

limb elevation is practiced routinely for all lymphoedema however our research has shown that established lymphoedema has more of connective tissue inside the limb than lymph nevertheless limb elevation is important advice as you pointed out although this is not mentioned in the video we do recommend limb elevation to all patients if you wish to read more on water and connective tissue contents of elephantiasis kindly read our research paper  arun kumar karayi vijaya basavaraj saravu r narahari guruprasad aggithaya terence j ryan and rajendra pilankatta human skin fibrosis upregulation of collagen typeiii gene transcript in the fibrotic skin nodules of lower limb lymphoedema in tropical medicine and international health a european journal preprint published",positive
https://www.youtube.com/watch?v=zjvoFHCat8w,5 years ago,"Hi,
 It is accepted fact that  Filariasis cannot be cured but it can be managed. 
With Integrative treatment here in IAD we could reduce the the risk of Filariasis.  
We are glad to say that many of our patients with Grade 3 Filariasis found nearly 80% of reduction in limb size after the treatment.",,filariasis,"hi
 it is accepted fact that  filariasis cannot be cured but it can be managed 
with integrative treatment here in iad we could reduce the the risk of filariasis  
we are glad to say that many of our patients with grade 3 filariasis found nearly 80 of reduction in limb size after the treatment",positive
https://www.youtube.com/watch?v=zjvoFHCat8w,5 years ago,"Sir,
No vaccine or Pill can cure this condition. Integrative Medicine is only the field proven method to manage the Lymphatic filariasis. 
With Integrative treatment here in IAD we could reduce the the risk of Filariasis. We are glad to say that many of our patients found nearly 80% of reduction in limb size after the treatment.",,filariasis,"sir
no vaccine or pill can cure this condition integrative medicine is only the field proven method to manage the lymphatic filariasis 
with integrative treatment here in iad we could reduce the the risk of filariasis we are glad to say that many of our patients found nearly 80 of reduction in limb size after the treatment",negative
https://www.youtube.com/watch?v=zjvoFHCat8w,5 years ago,Filariasis is a parasitic worm nematode Infection not deformity.,,filariasis,filariasis is a parasitic worm nematode infection not deformity,neutral
https://www.youtube.com/watch?v=zjvoFHCat8w,5 years ago,"Lymphatic Filariais  is caused by microscopic worm that spread from person to person by the bite of infected mosquito. The worm damages the lymph nodes or causes the dilatation of the lymphatic vessels, by which flow of lymph fluid is impaired and cause massive lymphoedema (elephantiasis) of the legs ,arms breast, genital area. The patients usually present with symptoms like painful swelling on the one / both legs, arms & scrotum, along with fever and redness of the affected part. The skin also becomes much thickened and with over hanging folds which can resemble the foot of an elephant. Filariasis is the most common form of secondary lymphoedema worldwid",,filariasis,lymphatic filariais  is caused by microscopic worm that spread from person to person by the bite of infected mosquito the worm damages the lymph nodes or causes the dilatation of the lymphatic vessels by which flow of lymph fluid is impaired and cause massive lymphoedema elephantiasis of the legs arms breast genital area the patients usually present with symptoms like painful swelling on the one  both legs arms  scrotum along with fever and redness of the affected part the skin also becomes much thickened and with over hanging folds which can resemble the foot of an elephant filariasis is the most common form of secondary lymphoedema worldwid,negative
https://www.youtube.com/watch?v=zjvoFHCat8w,4 years ago,"Thanks for watching our video, But amputating or cutting a body part is not a good advice. We don't even recommend surgery for lymphatic filariasis. 
At IAD we offer integrative treatment for these patients, which can reduce the risk of filariasis. We are glad to say that many of our patients found a nearly 80% of reduction in limb size after the treatment.",,filariasis,"thanks for watching our video but amputating or cutting a body part is not a good advice we dont even recommend surgery for lymphatic filariasis 
at iad we offer integrative treatment for these patients which can reduce the risk of filariasis we are glad to say that many of our patients found a nearly 80 of reduction in limb size after the treatment",negative
https://www.youtube.com/watch?v=zjvoFHCat8w,5 years ago,"We would like to add to it that we have many successful examples also for oedema management.  I would like to invite your attention to the following link of a WHO publication. Please refer to page 80, Paragraph, 6.1.5 where the name of our centre is mentioned for being one of the solution providers for effective management of lymphoedema.


https://www.who.int/lymphatic_filariasis/resources/9789241599139/en/",,filariasis,we would like to add to it that we have many successful examples also for oedema management  i would like to invite your attention to the following link of a who publication please refer to page 80 paragraph 615 where the name of our centre is mentioned for being one of the solution providers for effective management of lymphoedema,positive
https://www.youtube.com/watch?v=zjvoFHCat8w,5 years ago,"Gostar√≠amos de informar que uma revista da OMS nos reconheceu como um dos centros de tratamento que fornece m√©todos de gerenciamento eficazes para o linfedema.

Pode ser baixado no seguinte link.
https://www.who.int/lymphatic_filariasis/resources/9789241599139/en/

Ver p√°gina 80, par√°grafo 6.1.5",,filariasis,"gostar√≠amos de informar que uma revista da oms nos reconheceu como um dos centros de tratamento que fornece m√©todos de gerenciamento eficazes para o linfedema

pode ser baixado no seguinte link


ver p√°gina 80 par√°grafo 615",negative
https://www.youtube.com/watch?v=zjvoFHCat8w,2 years ago,"‡§®‡§Æ‡§∏‡•ç‡§§‡•á,
 ‡§Ø‡§π ‡§∏‡§ö ‡§π‡•à ‡§ï‡§ø ‡§´‡§æ‡§á‡§≤‡•á‡§∞‡§ø‡§Ø‡§æ ‡§ï‡•ã ‡§™‡•Ç‡§∞‡•Ä ‡§§‡§∞‡§π ‡§∏‡•á ‡§†‡•Ä‡§ï ‡§®‡§π‡•Ä‡§Ç ‡§ï‡§ø‡§Ø‡§æ ‡§ú‡§æ ‡§∏‡§ï‡§§‡§æ ‡§π‡•à ‡§≤‡•á‡§ï‡§ø‡§® ‡§á‡§∏‡•á ‡§™‡•ç‡§∞‡§¨‡§Ç‡§ß‡§ø‡§§ ‡§ï‡§ø‡§Ø‡§æ ‡§ú‡§æ ‡§∏‡§ï‡§§‡§æ ‡§π‡•à‡•§
‡§Ø‡§π‡§æ‡§Ç IAD ‡§Æ‡•á‡§Ç ‡§è‡§ï‡•Ä‡§ï‡•É‡§§ (Integrated )‡§â‡§™‡§ö‡§æ‡§∞ ‡§∏‡•á ‡§π‡§Æ ‡§´‡§æ‡§á‡§≤‡•á‡§∞‡§ø‡§Ø‡§æ ‡§ï‡•á ‡§ñ‡§§‡§∞‡•á ‡§ï‡•ã ‡§ï‡§Æ ‡§ï‡§∞ ‡§∏‡§ï‡§§‡•á ‡§π‡•à‡§Ç‡•§
‡§π‡§Æ‡•á‡§Ç ‡§Ø‡§π ‡§ï‡§π‡§§‡•á ‡§π‡•Å‡§è ‡§ñ‡•Å‡§∂‡•Ä ‡§π‡•ã ‡§∞‡§π‡•Ä ‡§π‡•à ‡§ï‡§ø ‡§π‡§Æ‡§æ‡§∞‡•á ‡§ï‡§à ‡§∞‡•ã‡§ó‡§ø‡§Ø‡•ã‡§Ç ‡§®‡•á ‡§á‡§≤‡§æ‡§ú ‡§ï‡•á ‡§¨‡§æ‡§¶ ‡§Ö‡§Ç‡§ó‡•ã‡§Ç ‡§ï‡•á ‡§Ü‡§ï‡§æ‡§∞ ‡§Æ‡•á‡§Ç ‡§≤‡§ó‡§≠‡§ó 80% ‡§ï‡•Ä ‡§ï‡§Æ‡•Ä ‡§™‡§æ‡§à ‡§π‡•à‡•§
 ‡§á‡§≤‡§æ‡§ú ‡§ï‡•á ‡§¨‡§æ‡§∞‡•á ‡§Æ‡•á‡§Ç ‡§Ö‡§ß‡§ø‡§ï ‡§ú‡§æ‡§®‡§®‡•á ‡§ï‡•á ‡§≤‡§ø‡§è ‡§Ü‡§™ ‡§π‡§Æ‡§∏‡•á ‡§µ‡•ç‡§π‡§æ‡§ü‡•ç‡§∏‡§è‡§™ ‡§Ø‡§æ ‡§à‡§Æ‡•á‡§≤ ‡§ï‡•á ‡§ú‡§∞‡§ø‡§è ‡§∏‡§Ç‡§™‡§∞‡•ç‡§ï ‡§ï‡§∞ ‡§∏‡§ï‡§§‡•á ‡§π‡•à‡§Ç‡•§
WhatsApp No: 09895588735
E-mail ID: iadorg@gmail.com
Our Address:
Institute of Applied Dermatology
MP XVII/779, Uliyathadka, Madhur Road, Kasaragod-671124 ,Kerala

Hi,
 It is an accepted fact that  Filariasis cannot be cured but it can be managed. 
With Integrative treatment here in IAD, we could reduce the risk of Filariasis.  
We are glad to say that many of our patients found a nearly 80% of reduction in limb size after the treatment.
To know more about our treatment procedures kindly contact us 
WhatsApp No: 09895588735
E-mail ID: iadorg@gmail.com
Our Address:
Institute of Applied Dermatology
MP XVII/779, Uliyathadka, Madhur Road, Kasaragod-671124 ,Kerala",,filariasis,"‡§®‡§Æ‡§∏‡§§
 ‡§Ø‡§π ‡§∏‡§ö ‡§π ‡§ï ‡§´‡§á‡§≤‡§∞‡§Ø ‡§ï ‡§™‡§∞ ‡§§‡§∞‡§π ‡§∏ ‡§†‡§ï ‡§®‡§π ‡§ï‡§Ø ‡§ú ‡§∏‡§ï‡§§ ‡§π ‡§≤‡§ï‡§® ‡§á‡§∏ ‡§™‡§∞‡§¨‡§ß‡§§ ‡§ï‡§Ø ‡§ú ‡§∏‡§ï‡§§ ‡§π
‡§Ø‡§π iad ‡§Æ ‡§è‡§ï‡§ï‡§§ integrated ‡§â‡§™‡§ö‡§∞ ‡§∏ ‡§π‡§Æ ‡§´‡§á‡§≤‡§∞‡§Ø ‡§ï ‡§ñ‡§§‡§∞ ‡§ï ‡§ï‡§Æ ‡§ï‡§∞ ‡§∏‡§ï‡§§ ‡§π
‡§π‡§Æ ‡§Ø‡§π ‡§ï‡§π‡§§ ‡§π‡§è ‡§ñ‡§∂ ‡§π ‡§∞‡§π ‡§π ‡§ï ‡§π‡§Æ‡§∞ ‡§ï‡§à ‡§∞‡§ó‡§Ø ‡§® ‡§á‡§≤‡§ú ‡§ï ‡§¨‡§¶ ‡§Ö‡§ó ‡§ï ‡§Ü‡§ï‡§∞ ‡§Æ ‡§≤‡§ó‡§≠‡§ó 80 ‡§ï ‡§ï‡§Æ ‡§™‡§à ‡§π
 ‡§á‡§≤‡§ú ‡§ï ‡§¨‡§∞ ‡§Æ ‡§Ö‡§ß‡§ï ‡§ú‡§®‡§® ‡§ï ‡§≤‡§è ‡§Ü‡§™ ‡§π‡§Æ‡§∏ ‡§µ‡§π‡§ü‡§∏‡§è‡§™ ‡§Ø ‡§à‡§Æ‡§≤ ‡§ï ‡§ú‡§∞‡§è ‡§∏‡§™‡§∞‡§ï ‡§ï‡§∞ ‡§∏‡§ï‡§§ ‡§π
whatsapp no 09895588735
email id iadorgcom
our address
institute of applied dermatology
mp xvii779 uliyathadka madhur road kasaragod671124 kerala

hi
 it is an accepted fact that  filariasis cannot be cured but it can be managed 
with integrative treatment here in iad we could reduce the risk of filariasis  
we are glad to say that many of our patients found a nearly 80 of reduction in limb size after the treatment
to know more about our treatment procedures kindly contact us 
whatsapp no 09895588735
email id iadorgcom
our address
institute of applied dermatology
mp xvii779 uliyathadka madhur road kasaragod671124 kerala",positive
https://www.youtube.com/watch?v=zjvoFHCat8w,5 years ago (edited),Filariasis is a parasitic infection not a deformity. The parasite clogs the lymphatic system,,filariasis,filariasis is a parasitic infection not a deformity the parasite clogs the lymphatic system,neutral
https://www.youtube.com/watch?v=zjvoFHCat8w,4 years ago,But filariasis can lead to deformities.,,filariasis,but filariasis can lead to deformities,neutral
https://www.youtube.com/watch?v=zjvoFHCat8w,5 years ago,Lymphatic filariasis is common in some specific area(endemic area). People who lives in these endemic area are at risk. It is painful when got infected with cellulitis and become fatal rarely when it (cellulitis)is not treated properly . Treatment has to be continued long term.,,filariasis,lymphatic filariasis is common in some specific areaendemic area people who lives in these endemic area are at risk it is painful when got infected with cellulitis and become fatal rarely when it cellulitisis not treated properly  treatment has to be continued long term,negative
https://www.youtube.com/watch?v=zjvoFHCat8w,6 years ago,"Hello Saurabh Kumar,

Hamara treatment home based self-care treatment he. Yeh treatment ghar mein bhi continue karna he, tho swelling kamm ho jayega. Yeh treatment hathi paun (Filariasis), fever ko control kartha hain. 

Is number par call kare aur hamare treatment experts se direct baath kare. Woh aapke sabhi doubts ko clear karenge : +914994240862, +914994240863, +919895588735",,filariasis,"hello saurabh kumar

hamara treatment home based selfcare treatment he yeh treatment ghar mein bhi continue karna he tho swelling kamm ho jayega yeh treatment hathi paun filariasis fever ko control kartha hain 

is number par call kare aur hamare treatment experts se direct baath kare woh aapke sabhi doubts ko clear karenge  914994240862 914994240863 919895588735",positive
https://www.youtube.com/watch?v=FnevZV3IYlA,1 year ago,"We provide Integrative treatment for Lymphatic filariasis. It is the combination of allopathy, Ayurved and Yoga. So 14 days of treatment at our center is necessary. After the treatment patient can continue self-care procedures at home. If you are unable to visit our centre in Kerala, India, please contact us for an online consultation. Our clinical team will evaluate the condition and let you know of any viable alternatives. Contact our WhatsApp number to schedule an online appointment
WhatsApp Number: 09895588735 Email ID: iadorg@gmail.com",,filariasis,"we provide integrative treatment for lymphatic filariasis it is the combination of allopathy ayurved and yoga so 14 days of treatment at our center is necessary after the treatment patient can continue selfcare procedures at home if you are unable to visit our centre in kerala india please contact us for an online consultation our clinical team will evaluate the condition and let you know of any viable alternatives contact our whatsapp number to schedule an online appointment
whatsapp number 09895588735 email id iadorgcom",positive
https://www.youtube.com/watch?v=FnevZV3IYlA,1 year ago,"The treatment cost depends on the size and circumference of the limb, duration of treatment, time needed to manage the condition, and materials and medicines needed. So we have to assess the condition before estimating the cost. 
Approximate cost for Lymphedema (including Lymphatic Filariasis)  ranges from Rs. 40,000 to Rs. 85,000.   To Know more about the treatment feel free to contact us
WhatsApp No: 09895588735
e-mail ID : iadorg@gmail.com",,filariasis,"the treatment cost depends on the size and circumference of the limb duration of treatment time needed to manage the condition and materials and medicines needed so we have to assess the condition before estimating the cost 
approximate cost for lymphedema including lymphatic filariasis  ranges from rs 40000 to rs 85000   to know more about the treatment feel free to contact us
whatsapp no 09895588735
email id  iadorgcom",positive
https://www.youtube.com/watch?v=batvfB7TAME,9 months ago,The main cause of Lymphatic Filariasis is parasitic roundworms. These parasites transmit the disease to humans by the bite of a mosquito.,,filariasis,the main cause of lymphatic filariasis is parasitic roundworms these parasites transmit the disease to humans by the bite of a mosquito,neutral
https://www.youtube.com/watch?v=F8MgUmakfxU,4 years ago,"Kindly watch Telugu version  by clicking on the below link
https://www.youtube.com/watch?v=bYDT71aTjmg


We have to assess the condition before estimating the treatment cost. It is depends on the size and circumference of the limb, duration of treatment, the time needed to manage the condition, materials and medicines needed. 

For Lymphedema (including Lymphatic Filariasis) it ranges from Rs. 40,000 to Rs. 85,000.

For more information,  feel free to contact us. Our contact details are:
WhatsApp No: 09895588735
e-mail ID: iadorg@gmail.com",,filariasis,"kindly watch telugu version  by clicking on the below link



we have to assess the condition before estimating the treatment cost it is depends on the size and circumference of the limb duration of treatment the time needed to manage the condition materials and medicines needed 

for lymphedema including lymphatic filariasis it ranges from rs 40000 to rs 85000

for more information  feel free to contact us our contact details are
whatsapp no 09895588735
email id iadorgcom",positive
https://www.youtube.com/watch?v=z0iViijDgKo,2 years ago,Sir mujhe filariasis ho gaya he magar 3no test negative aaya he mujhe kya karna chahiye  ????,,filariasis,sir mujhe filariasis ho gaya he magar 3no test negative aaya he mujhe kya karna chahiye,negative
https://www.youtube.com/watch?v=z0iViijDgKo,2 years ago,Sir mera filariasis IgG posative hai aur IgM negative hai t kya mera microfaleriya thik ho gya hai,,filariasis,sir mera filariasis igg posative hai aur igm negative hai t kya mera microfaleriya thik ho gya hai,negative
https://www.youtube.com/watch?v=UnwZ6bsk4a0,1 year ago,"At present Integrative treatment for Filariasis is availbale only in our center.  If possible kindly visit us. We also offer online consultations. To schedule an appointment for online consultations, please call 09895588735.
WhatsApp Number: 09895588735 Email ID: iadorg@gmail.com",,filariasis,"at present integrative treatment for filariasis is availbale only in our center  if possible kindly visit us we also offer online consultations to schedule an appointment for online consultations please call 09895588735
whatsapp number 09895588735 email id iadorgcom",positive
https://www.youtube.com/watch?v=f30vNUc0c10,6 months ago,"Acharaya ji bhi filariasis se bahut pareshan hu, bahut lambe samay se",,filariasis,acharaya ji bhi filariasis se bahut pareshan hu bahut lambe samay se,neutral
https://www.youtube.com/watch?v=FaRvmqKMqbA,1 year ago,"Jhoot Bol rha H, Filariasis Ka Treatment H Allopathic M",,filariasis,jhoot bol rha h filariasis ka treatment h allopathic m,neutral
https://www.youtube.com/watch?v=xsXwIKxF0RM,7 years ago,Sir mere Pav me filariasis ak sal se he uske liye kuch upay bataiye,,filariasis,sir mere pav me filariasis ak sal se he uske liye kuch upay bataiye,neutral
